date,precipitation_probability_max,temperature_2m_max,temperature_2m_min,apparent_temperature_max,apparent_temperature_min,precipitation_hours,precipitation_sum,type,temperature_2m,precipitation_probability,precipitation,cloud_cover,wind_speed_10m,wind_direction_10m,is_day,apparent_temperature
2025-03-20 00:00:00,93.0,27.2,19.2,26.2,17.1,8.0,17.8,daily,,,,,,,,
2025-03-21 00:00:00,75.0,19.0,15.5,19.7,14.8,1.0,0.1,daily,,,,,,,,
2025-03-22 00:00:00,0.0,20.2,10.4,19.5,9.8,0.0,0.0,daily,,,,,,,,
2025-03-23 00:00:00,0.0,22.3,11.6,22.3,11.6,0.0,0.0,daily,,,,,,,,
2025-03-24 00:00:00,0.0,20.9,15.7,20.4,15.5,0.0,0.0,daily,,,,,,,,
2025-03-25 00:00:00,0.0,23.4,14.3,23.3,14.8,0.0,0.0,daily,,,,,,,,
2025-03-26 00:00:00,0.0,21.2,16.3,20.7,15.7,0.0,0.0,daily,,,,,,,,
2025-03-27 00:00:00,0.0,23.2,14.7,22.6,14.6,0.0,0.0,daily,,,,,,,,
2025-03-28 00:00:00,0.0,30.1,14.8,29.5,15.5,0.0,0.0,daily,,,,,,,,
2025-03-29 00:00:00,38.0,21.6,17.3,22.8,16.0,1.0,0.1,daily,,,,,,,,
2025-03-30 00:00:00,20.0,20.5,15.3,17.8,12.4,0.0,0.0,daily,,,,,,,,
2025-03-31 00:00:00,3.0,20.0,14.6,15.9,11.8,0.0,0.0,daily,,,,,,,,
2025-04-01 00:00:00,5.0,15.8,14.8,15.3,13.6,15.0,6.6,daily,,,,,,,,
2025-04-02 00:00:00,5.0,18.6,15.1,18.5,15.1,6.0,1.5,daily,,,,,,,,
2025-04-03 00:00:00,3.0,23.2,12.8,21.5,11.4,0.0,0.0,daily,,,,,,,,
2025-04-04 00:00:00,10.0,19.9,11.4,17.0,9.5,0.0,0.0,daily,,,,,,,,
2025-04-05 00:00:00,19.0,20.4,11.6,17.8,9.6,0.0,0.0,daily,,,,,,,,
2025-04-06 00:00:00,19.0,17.5,15.8,16.6,15.4,3.0,0.3,daily,,,,,,,,
2025-04-06 23:00:00,11.0,17.7,12.2,15.2,11.2,3.0,0.3,daily,,,,,,,,
2025-04-07 23:00:00,10.0,18.3,11.8,16.6,10.9,0.0,0.0,daily,,,,,,,,
2025-04-08 23:00:00,10.0,19.1,10.7,17.4,9.2,0.0,0.0,daily,,,,,,,,
2025-04-09 23:00:00,13.0,24.9,13.1,22.8,12.4,0.0,0.0,daily,,,,,,,,
2025-04-10 23:00:00,12.0,25.2,14.5,24.2,14.3,0.0,0.0,daily,,,,,,,,
2025-03-20 00:00:00,,,,,,,,hourly,21.6,0.0,0.0,0.0,5.0,360.0,0.0,20.7
2025-03-20 01:00:00,,,,,,,,hourly,20.7,0.0,0.0,0.0,5.1,8.1,0.0,19.5
2025-03-20 02:00:00,,,,,,,,hourly,19.9,0.0,0.0,0.0,4.7,8.7,0.0,18.5
2025-03-20 03:00:00,,,,,,,,hourly,19.3,0.0,0.0,27.0,5.2,12.1,0.0,17.6
2025-03-20 04:00:00,,,,,,,,hourly,19.2,0.0,0.0,5.0,5.8,7.1,0.0,17.1
2025-03-20 05:00:00,,,,,,,,hourly,21.4,0.0,0.0,19.0,11.7,10.6,0.0,19.1
2025-03-20 06:00:00,,,,,,,,hourly,21.1,0.0,0.0,0.0,13.8,9.0,0.0,18.9
2025-03-20 07:00:00,,,,,,,,hourly,21.6,0.0,0.0,0.0,16.8,8.7,0.0,20.3
2025-03-20 08:00:00,,,,,,,,hourly,22.1,0.0,0.0,34.0,19.7,8.4,1.0,20.8
2025-03-20 09:00:00,,,,,,,,hourly,23.2,5.0,0.0,84.0,22.0,1.9,1.0,21.7
2025-03-20 10:00:00,,,,,,,,hourly,23.8,5.0,0.0,100.0,21.6,357.1,1.0,22.5
2025-03-20 11:00:00,,,,,,,,hourly,25.2,8.0,0.0,81.0,18.7,357.8,1.0,24.3
2025-03-20 12:00:00,,,,,,,,hourly,26.0,20.0,0.0,100.0,21.1,340.0,1.0,25.0
2025-03-20 13:00:00,,,,,,,,hourly,27.1,28.0,0.0,88.0,23.0,351.0,1.0,26.2
2025-03-20 14:00:00,,,,,,,,hourly,27.2,25.0,0.3,100.0,27.9,336.4,1.0,25.8
2025-03-20 15:00:00,,,,,,,,hourly,26.6,33.0,0.1,100.0,25.4,341.8,1.0,26.2
2025-03-20 16:00:00,,,,,,,,hourly,26.2,58.0,0.0,100.0,23.8,331.1,1.0,25.6
2025-03-20 17:00:00,,,,,,,,hourly,24.9,58.0,0.1,100.0,17.1,335.1,1.0,25.4
2025-03-20 18:00:00,,,,,,,,hourly,24.8,60.0,0.1,100.0,11.5,321.3,1.0,26.2
2025-03-20 19:00:00,,,,,,,,hourly,23.4,83.0,1.2,100.0,7.1,315.0,1.0,26.0
2025-03-20 20:00:00,,,,,,,,hourly,22.1,93.0,6.3,100.0,3.9,291.8,0.0,25.5
2025-03-20 21:00:00,,,,,,,,hourly,21.6,93.0,6.7,100.0,10.5,239.0,0.0,23.9
2025-03-20 22:00:00,,,,,,,,hourly,20.0,60.0,3.0,100.0,17.2,217.3,0.0,20.2
2025-03-20 23:00:00,,,,,,,,hourly,19.5,38.0,0.0,100.0,10.9,226.3,0.0,20.7
2025-03-21 00:00:00,,,,,,,,hourly,19.0,75.0,0.0,100.0,13.0,204.4,0.0,19.7
2025-03-21 01:00:00,,,,,,,,hourly,17.9,55.0,0.1,100.0,11.8,192.3,0.0,18.0
2025-03-21 02:00:00,,,,,,,,hourly,17.7,18.0,0.0,100.0,14.5,172.9,0.0,17.4
2025-03-21 03:00:00,,,,,,,,hourly,17.4,10.0,0.0,100.0,11.4,192.7,0.0,17.0
2025-03-21 04:00:00,,,,,,,,hourly,17.3,0.0,0.0,100.0,9.4,177.8,0.0,16.9
2025-03-21 05:00:00,,,,,,,,hourly,16.7,0.0,0.0,96.0,6.3,156.4,0.0,16.8
2025-03-21 06:00:00,,,,,,,,hourly,16.7,0.0,0.0,100.0,5.2,192.1,0.0,17.0
2025-03-21 07:00:00,,,,,,,,hourly,16.8,0.0,0.0,97.0,5.1,188.1,0.0,17.2
2025-03-21 08:00:00,,,,,,,,hourly,16.8,0.0,0.0,97.0,6.1,208.1,1.0,17.2
2025-03-21 09:00:00,,,,,,,,hourly,16.9,0.0,0.0,100.0,9.6,214.3,1.0,16.8
2025-03-21 10:00:00,,,,,,,,hourly,17.0,3.0,0.0,100.0,8.9,201.4,1.0,16.9
2025-03-21 11:00:00,,,,,,,,hourly,16.9,3.0,0.0,100.0,10.0,167.5,1.0,16.6
2025-03-21 12:00:00,,,,,,,,hourly,17.1,0.0,0.0,99.0,10.3,167.9,1.0,16.5
2025-03-21 13:00:00,,,,,,,,hourly,17.3,3.0,0.0,98.0,10.5,172.1,1.0,16.6
2025-03-21 14:00:00,,,,,,,,hourly,17.6,5.0,0.0,100.0,10.8,180.0,1.0,16.8
2025-03-21 15:00:00,,,,,,,,hourly,17.4,0.0,0.0,100.0,10.4,180.0,1.0,16.5
2025-03-21 16:00:00,,,,,,,,hourly,17.4,0.0,0.0,100.0,9.7,164.9,1.0,16.5
2025-03-21 17:00:00,,,,,,,,hourly,18.4,0.0,0.0,90.0,10.7,166.4,1.0,17.2
2025-03-21 18:00:00,,,,,,,,hourly,18.4,0.0,0.0,74.0,10.4,166.0,1.0,17.2
2025-03-21 19:00:00,,,,,,,,hourly,18.0,0.0,0.0,69.0,8.6,177.6,1.0,17.0
2025-03-21 20:00:00,,,,,,,,hourly,17.3,0.0,0.0,84.0,6.8,180.0,0.0,16.7
2025-03-21 21:00:00,,,,,,,,hourly,16.8,0.0,0.0,87.0,6.2,170.0,0.0,16.3
2025-03-21 22:00:00,,,,,,,,hourly,16.5,0.0,0.0,60.0,6.2,159.4,0.0,15.9
2025-03-21 23:00:00,,,,,,,,hourly,15.5,0.0,0.0,72.0,6.1,151.9,0.0,14.8
2025-03-22 00:00:00,,,,,,,,hourly,15.2,0.0,0.0,100.0,4.8,153.4,0.0,14.8
2025-03-22 01:00:00,,,,,,,,hourly,15.0,0.0,0.0,92.0,3.6,143.1,0.0,14.7
2025-03-22 02:00:00,,,,,,,,hourly,14.5,0.0,0.0,92.0,2.6,105.9,0.0,14.4
2025-03-22 03:00:00,,,,,,,,hourly,14.0,0.0,0.0,86.0,2.2,80.5,0.0,14.1
2025-03-22 04:00:00,,,,,,,,hourly,13.6,0.0,0.0,7.0,1.6,26.6,0.0,13.6
2025-03-22 05:00:00,,,,,,,,hourly,12.2,0.0,0.0,0.0,2.8,309.8,0.0,11.9
2025-03-22 06:00:00,,,,,,,,hourly,11.6,0.0,0.0,0.0,3.8,311.2,0.0,11.1
2025-03-22 07:00:00,,,,,,,,hourly,10.7,0.0,0.0,40.0,3.6,306.9,0.0,10.2
2025-03-22 08:00:00,,,,,,,,hourly,10.4,0.0,0.0,60.0,3.8,311.2,1.0,9.8
2025-03-22 09:00:00,,,,,,,,hourly,12.3,0.0,0.0,53.0,4.0,296.6,1.0,11.6
2025-03-22 10:00:00,,,,,,,,hourly,14.7,0.0,0.0,56.0,4.7,261.3,1.0,14.0
2025-03-22 11:00:00,,,,,,,,hourly,17.6,0.0,0.0,24.0,5.1,230.7,1.0,17.0
2025-03-22 12:00:00,,,,,,,,hourly,18.8,0.0,0.0,49.0,6.7,195.5,1.0,18.2
2025-03-22 13:00:00,,,,,,,,hourly,19.6,0.0,0.0,44.0,8.4,187.4,1.0,19.2
2025-03-22 14:00:00,,,,,,,,hourly,20.0,0.0,0.0,28.0,10.1,182.0,1.0,19.5
2025-03-22 15:00:00,,,,,,,,hourly,20.2,0.0,0.0,14.0,10.8,180.0,1.0,19.5
2025-03-22 16:00:00,,,,,,,,hourly,20.2,0.0,0.0,0.0,11.2,178.2,1.0,19.0
2025-03-22 17:00:00,,,,,,,,hourly,20.2,0.0,0.0,0.0,11.6,174.6,1.0,17.8
2025-03-22 18:00:00,,,,,,,,hourly,19.5,0.0,0.0,0.0,11.2,174.5,1.0,17.7
2025-03-22 19:00:00,,,,,,,,hourly,18.9,0.0,0.0,0.0,9.8,173.7,1.0,17.5
2025-03-22 20:00:00,,,,,,,,hourly,18.1,0.0,0.0,0.0,6.9,174.0,0.0,17.3
2025-03-22 21:00:00,,,,,,,,hourly,17.5,0.0,0.0,0.0,6.5,160.6,0.0,16.8
2025-03-22 22:00:00,,,,,,,,hourly,16.8,0.0,0.0,0.0,6.7,143.7,0.0,16.3
2025-03-22 23:00:00,,,,,,,,hourly,15.8,0.0,0.0,0.0,4.7,147.5,0.0,15.8
2025-03-23 00:00:00,,,,,,,,hourly,15.2,0.0,0.0,0.0,3.9,146.3,0.0,15.3
2025-03-23 01:00:00,,,,,,,,hourly,14.7,0.0,0.0,0.0,2.9,150.3,0.0,15.0
2025-03-23 02:00:00,,,,,,,,hourly,14.5,0.0,0.0,0.0,2.3,161.6,0.0,15.0
2025-03-23 03:00:00,,,,,,,,hourly,14.4,0.0,0.0,0.0,1.8,180.0,0.0,15.0
2025-03-23 04:00:00,,,,,,,,hourly,14.4,0.0,0.0,0.0,2.2,180.0,0.0,15.0
2025-03-23 05:00:00,,,,,,,,hourly,13.5,0.0,0.0,0.0,0.8,243.4,0.0,14.1
2025-03-23 06:00:00,,,,,,,,hourly,13.0,0.0,0.0,0.0,1.1,341.6,0.0,13.5
2025-03-23 07:00:00,,,,,,,,hourly,12.3,0.0,0.0,0.0,2.5,8.1,0.0,12.5
2025-03-23 08:00:00,,,,,,,,hourly,11.6,0.0,0.0,24.0,2.9,360.0,1.0,11.6
2025-03-23 09:00:00,,,,,,,,hourly,12.5,0.0,0.0,85.0,1.5,346.0,1.0,12.7
2025-03-23 10:00:00,,,,,,,,hourly,16.0,0.0,0.0,75.0,1.1,161.6,1.0,16.3
2025-03-23 11:00:00,,,,,,,,hourly,18.9,0.0,0.0,3.0,6.0,162.6,1.0,18.3
2025-03-23 12:00:00,,,,,,,,hourly,20.4,0.0,0.0,13.0,8.9,158.6,1.0,20.3
2025-03-23 13:00:00,,,,,,,,hourly,21.5,0.0,0.0,13.0,10.0,165.5,1.0,21.7
2025-03-23 14:00:00,,,,,,,,hourly,22.0,0.0,0.0,8.0,11.6,174.6,1.0,22.2
2025-03-23 15:00:00,,,,,,,,hourly,22.2,0.0,0.0,18.0,11.9,178.3,1.0,22.3
2025-03-23 16:00:00,,,,,,,,hourly,22.3,0.0,0.0,70.0,12.2,180.0,1.0,22.0
2025-03-23 17:00:00,,,,,,,,hourly,21.9,0.0,0.0,100.0,11.9,183.5,1.0,20.9
2025-03-23 18:00:00,,,,,,,,hourly,21.0,0.0,0.0,100.0,11.5,181.8,1.0,20.2
2025-03-23 19:00:00,,,,,,,,hourly,19.9,0.0,0.0,100.0,11.2,180.0,1.0,19.3
2025-03-23 20:00:00,,,,,,,,hourly,18.8,0.0,0.0,79.0,8.7,172.9,0.0,18.6
2025-03-23 21:00:00,,,,,,,,hourly,17.8,0.0,0.0,32.0,5.6,153.4,0.0,18.3
2025-03-23 22:00:00,,,,,,,,hourly,17.2,0.0,0.0,100.0,4.6,161.6,0.0,17.9
2025-03-23 23:00:00,,,,,,,,hourly,16.7,0.0,0.0,81.0,5.9,190.6,0.0,17.4
2025-03-24 00:00:00,,,,,,,,hourly,16.3,0.0,0.0,41.0,3.8,196.7,0.0,17.2
2025-03-24 01:00:00,,,,,,,,hourly,15.9,0.0,0.0,55.0,3.6,216.9,0.0,16.9
2025-03-24 02:00:00,,,,,,,,hourly,15.8,0.0,0.0,55.0,4.2,211.0,0.0,16.7
2025-03-24 03:00:00,,,,,,,,hourly,15.8,0.0,0.0,64.0,4.2,211.0,0.0,16.6
2025-03-24 04:00:00,,,,,,,,hourly,15.7,0.0,0.0,71.0,4.2,211.0,0.0,16.6
2025-03-24 05:00:00,,,,,,,,hourly,15.9,0.0,0.0,64.0,5.0,201.0,0.0,16.3
2025-03-24 06:00:00,,,,,,,,hourly,15.9,0.0,0.0,68.0,4.9,197.1,0.0,16.5
2025-03-24 07:00:00,,,,,,,,hourly,16.1,0.0,0.0,77.0,4.7,188.7,0.0,16.6
2025-03-24 08:00:00,,,,,,,,hourly,16.1,0.0,0.0,74.0,4.7,184.4,1.0,16.5
2025-03-24 09:00:00,,,,,,,,hourly,17.1,0.0,0.0,86.0,6.1,180.0,1.0,17.3
2025-03-24 10:00:00,,,,,,,,hourly,18.1,0.0,0.0,76.0,10.1,175.9,1.0,17.5
2025-03-24 11:00:00,,,,,,,,hourly,19.3,0.0,0.0,74.0,10.8,176.2,1.0,18.5
2025-03-24 12:00:00,,,,,,,,hourly,19.8,0.0,0.0,68.0,11.5,176.4,1.0,18.9
2025-03-24 13:00:00,,,,,,,,hourly,20.3,0.0,0.0,60.0,12.3,175.0,1.0,19.7
2025-03-24 14:00:00,,,,,,,,hourly,20.7,0.0,0.0,53.0,12.6,176.7,1.0,20.4
2025-03-24 15:00:00,,,,,,,,hourly,20.9,0.0,0.0,47.0,14.0,178.5,1.0,20.2
2025-03-24 16:00:00,,,,,,,,hourly,20.8,0.0,0.0,34.0,15.1,178.6,1.0,19.6
2025-03-24 17:00:00,,,,,,,,hourly,20.2,0.0,0.0,39.0,15.5,177.3,1.0,18.3
2025-03-24 18:00:00,,,,,,,,hourly,19.6,0.0,0.0,37.0,14.8,174.4,1.0,17.6
2025-03-24 19:00:00,,,,,,,,hourly,18.7,0.0,0.0,32.0,13.2,169.0,1.0,16.7
2025-03-24 20:00:00,,,,,,,,hourly,17.8,0.0,0.0,14.0,10.9,162.8,0.0,16.2
2025-03-24 21:00:00,,,,,,,,hourly,17.1,0.0,0.0,0.0,9.4,157.4,0.0,15.8
2025-03-24 22:00:00,,,,,,,,hourly,16.4,0.0,0.0,0.0,8.1,159.1,0.0,15.6
2025-03-24 23:00:00,,,,,,,,hourly,15.7,0.0,0.0,0.0,6.6,170.5,0.0,15.5
2025-03-25 00:00:00,,,,,,,,hourly,15.4,0.0,0.0,4.0,5.9,169.4,0.0,15.4
2025-03-25 01:00:00,,,,,,,,hourly,15.2,0.0,0.0,26.0,5.6,165.1,0.0,15.5
2025-03-25 02:00:00,,,,,,,,hourly,15.0,0.0,0.0,28.0,5.2,164.1,0.0,15.4
2025-03-25 03:00:00,,,,,,,,hourly,14.7,0.0,0.0,35.0,5.0,159.0,0.0,15.1
2025-03-25 04:00:00,,,,,,,,hourly,14.6,0.0,0.0,42.0,4.5,151.4,0.0,15.0
2025-03-25 05:00:00,,,,,,,,hourly,14.4,0.0,0.0,68.0,4.2,160.0,0.0,14.9
2025-03-25 06:00:00,,,,,,,,hourly,14.3,0.0,0.0,68.0,3.7,150.9,0.0,14.8
2025-03-25 07:00:00,,,,,,,,hourly,14.4,0.0,0.0,71.0,2.8,140.2,0.0,15.1
2025-03-25 08:00:00,,,,,,,,hourly,14.5,0.0,0.0,77.0,2.3,128.7,1.0,15.3
2025-03-25 09:00:00,,,,,,,,hourly,15.4,0.0,0.0,84.0,3.3,130.6,1.0,15.9
2025-03-25 10:00:00,,,,,,,,hourly,16.3,0.0,0.0,85.0,5.4,143.1,1.0,16.2
2025-03-25 11:00:00,,,,,,,,hourly,18.3,0.0,0.0,75.0,6.4,141.8,1.0,18.1
2025-03-25 12:00:00,,,,,,,,hourly,19.7,0.0,0.0,53.0,8.5,152.4,1.0,19.5
2025-03-25 13:00:00,,,,,,,,hourly,20.9,0.0,0.0,54.0,9.2,154.4,1.0,21.2
2025-03-25 14:00:00,,,,,,,,hourly,22.0,0.0,0.0,41.0,9.8,156.3,1.0,22.4
2025-03-25 15:00:00,,,,,,,,hourly,23.0,0.0,0.0,25.0,11.3,163.3,1.0,23.3
2025-03-25 16:00:00,,,,,,,,hourly,23.4,0.0,0.0,22.0,12.5,168.4,1.0,23.2
2025-03-25 17:00:00,,,,,,,,hourly,23.4,0.0,0.0,14.0,13.7,175.5,1.0,22.4
2025-03-25 18:00:00,,,,,,,,hourly,22.5,0.0,0.0,5.0,14.4,177.1,1.0,21.6
2025-03-25 19:00:00,,,,,,,,hourly,20.7,0.0,0.0,0.0,13.7,180.0,1.0,20.1
2025-03-25 20:00:00,,,,,,,,hourly,19.1,0.0,0.0,0.0,11.5,178.2,0.0,19.0
2025-03-25 21:00:00,,,,,,,,hourly,18.1,0.0,0.0,25.0,9.8,173.7,0.0,18.2
2025-03-25 22:00:00,,,,,,,,hourly,17.5,0.0,0.0,43.0,7.6,174.6,0.0,18.0
2025-03-25 23:00:00,,,,,,,,hourly,16.9,0.0,0.0,52.0,6.1,176.6,0.0,17.5
2025-03-26 00:00:00,,,,,,,,hourly,16.5,0.0,0.0,54.0,4.7,184.4,0.0,17.3
2025-03-26 01:00:00,,,,,,,,hourly,16.3,0.0,0.0,70.0,4.3,184.8,0.0,17.1
2025-03-26 02:00:00,,,,,,,,hourly,16.3,0.0,0.0,76.0,4.0,180.0,0.0,17.2
2025-03-26 03:00:00,,,,,,,,hourly,16.4,0.0,0.0,85.0,3.6,174.3,0.0,17.3
2025-03-26 04:00:00,,,,,,,,hourly,16.7,0.0,0.0,100.0,4.1,164.7,0.0,17.6
2025-03-26 05:00:00,,,,,,,,hourly,17.0,0.0,0.0,100.0,4.7,157.4,0.0,17.8
2025-03-26 06:00:00,,,,,,,,hourly,17.1,0.0,0.0,100.0,5.5,156.8,0.0,17.8
2025-03-26 07:00:00,,,,,,,,hourly,17.2,0.0,0.0,100.0,6.1,151.9,0.0,17.7
2025-03-26 08:00:00,,,,,,,,hourly,17.2,0.0,0.0,99.0,6.5,146.3,1.0,17.6
2025-03-26 09:00:00,,,,,,,,hourly,17.5,0.0,0.0,100.0,7.8,146.3,1.0,17.6
2025-03-26 10:00:00,,,,,,,,hourly,18.0,0.0,0.0,100.0,8.2,151.2,1.0,18.0
2025-03-26 11:00:00,,,,,,,,hourly,19.4,0.0,0.0,100.0,10.4,166.0,1.0,19.0
2025-03-26 12:00:00,,,,,,,,hourly,19.7,0.0,0.0,82.0,11.7,169.4,1.0,19.1
2025-03-26 13:00:00,,,,,,,,hourly,20.5,0.0,0.0,80.0,12.0,173.1,1.0,19.8
2025-03-26 14:00:00,,,,,,,,hourly,20.9,0.0,0.0,100.0,12.3,175.0,1.0,20.5
2025-03-26 15:00:00,,,,,,,,hourly,21.2,0.0,0.0,95.0,13.0,178.4,1.0,20.7
2025-03-26 16:00:00,,,,,,,,hourly,20.9,0.0,0.0,65.0,13.7,180.0,1.0,19.8
2025-03-26 17:00:00,,,,,,,,hourly,20.6,0.0,0.0,36.0,14.8,175.8,1.0,19.0
2025-03-26 18:00:00,,,,,,,,hourly,20.2,0.0,0.0,39.0,14.2,172.7,1.0,18.6
2025-03-26 19:00:00,,,,,,,,hourly,19.3,0.0,0.0,52.0,13.9,169.6,1.0,17.9
2025-03-26 20:00:00,,,,,,,,hourly,18.1,0.0,0.0,62.0,13.9,163.4,0.0,16.8
2025-03-26 21:00:00,,,,,,,,hourly,17.4,0.0,0.0,38.0,12.4,157.9,0.0,16.1
2025-03-26 22:00:00,,,,,,,,hourly,16.7,0.0,0.0,41.0,10.8,154.3,0.0,15.7
2025-03-26 23:00:00,,,,,,,,hourly,16.4,0.0,0.0,43.0,8.4,154.5,0.0,15.7
2025-03-27 00:00:00,,,,,,,,hourly,16.0,0.0,0.0,24.0,6.6,150.6,0.0,15.7
2025-03-27 01:00:00,,,,,,,,hourly,15.7,0.0,0.0,60.0,7.5,144.8,0.0,15.4
2025-03-27 02:00:00,,,,,,,,hourly,15.7,0.0,0.0,58.0,8.1,147.7,0.0,15.3
2025-03-27 03:00:00,,,,,,,,hourly,15.7,0.0,0.0,70.0,8.8,145.0,0.0,15.0
2025-03-27 04:00:00,,,,,,,,hourly,15.6,0.0,0.0,73.0,7.1,139.1,0.0,15.2
2025-03-27 05:00:00,,,,,,,,hourly,15.3,0.0,0.0,72.0,6.2,144.5,0.0,15.0
2025-03-27 06:00:00,,,,,,,,hourly,15.1,0.0,0.0,75.0,5.4,143.1,0.0,14.9
2025-03-27 07:00:00,,,,,,,,hourly,14.9,0.0,0.0,73.0,5.4,143.1,0.0,14.6
2025-03-27 08:00:00,,,,,,,,hourly,14.7,0.0,0.0,45.0,4.3,138.4,1.0,14.6
2025-03-27 09:00:00,,,,,,,,hourly,15.9,0.0,0.0,29.0,4.6,135.0,1.0,15.9
2025-03-27 10:00:00,,,,,,,,hourly,17.6,0.0,0.0,53.0,8.5,143.6,1.0,16.7
2025-03-27 11:00:00,,,,,,,,hourly,18.9,0.0,0.0,60.0,10.1,152.5,1.0,17.8
2025-03-27 12:00:00,,,,,,,,hourly,19.9,0.0,0.0,54.0,10.6,162.2,1.0,19.0
2025-03-27 13:00:00,,,,,,,,hourly,20.9,0.0,0.0,25.0,11.0,168.7,1.0,20.9
2025-03-27 14:00:00,,,,,,,,hourly,21.6,0.0,0.0,20.0,11.9,166.0,1.0,21.9
2025-03-27 15:00:00,,,,,,,,hourly,22.2,0.0,0.0,4.0,12.7,165.2,1.0,22.3
2025-03-27 16:00:00,,,,,,,,hourly,22.8,0.0,0.0,0.0,13.4,166.0,1.0,22.3
2025-03-27 17:00:00,,,,,,,,hourly,23.2,0.0,0.0,8.0,13.1,170.5,1.0,22.3
2025-03-27 18:00:00,,,,,,,,hourly,23.2,0.0,0.0,0.0,12.2,178.3,1.0,22.6
2025-03-27 19:00:00,,,,,,,,hourly,22.4,0.0,0.0,0.0,11.4,191.0,1.0,22.4
2025-03-27 20:00:00,,,,,,,,hourly,20.7,0.0,0.0,0.0,10.5,206.6,0.0,21.1
2025-03-27 21:00:00,,,,,,,,hourly,19.5,0.0,0.0,0.0,8.4,230.2,0.0,20.3
2025-03-27 22:00:00,,,,,,,,hourly,18.9,0.0,0.0,0.0,6.3,246.4,0.0,20.0
2025-03-27 23:00:00,,,,,,,,hourly,17.9,0.0,0.0,0.0,4.4,260.5,0.0,19.2
2025-03-28 00:00:00,,,,,,,,hourly,17.1,0.0,0.0,0.0,3.7,281.3,0.0,18.4
2025-03-28 01:00:00,,,,,,,,hourly,16.3,0.0,0.0,0.0,3.9,303.7,0.0,17.4
2025-03-28 02:00:00,,,,,,,,hourly,15.7,0.0,0.0,0.0,4.3,318.4,0.0,16.6
2025-03-28 03:00:00,,,,,,,,hourly,15.3,0.0,0.0,22.0,4.1,315.0,0.0,16.1
2025-03-28 04:00:00,,,,,,,,hourly,15.0,0.0,0.0,34.0,3.9,326.3,0.0,15.8
2025-03-28 05:00:00,,,,,,,,hourly,14.8,0.0,0.0,57.0,3.8,343.3,0.0,15.5
2025-03-28 06:00:00,,,,,,,,hourly,14.9,0.0,0.0,79.0,4.4,9.5,0.0,15.6
2025-03-28 07:00:00,,,,,,,,hourly,14.9,0.0,0.0,93.0,3.2,26.6,0.0,15.7
2025-03-28 08:00:00,,,,,,,,hourly,14.8,0.0,0.0,64.0,3.4,32.0,1.0,15.6
2025-03-28 09:00:00,,,,,,,,hourly,16.3,0.0,0.0,100.0,3.1,45.0,1.0,17.2
2025-03-28 10:00:00,,,,,,,,hourly,19.5,0.0,0.0,100.0,3.6,53.1,1.0,20.4
2025-03-28 11:00:00,,,,,,,,hourly,24.3,0.0,0.0,82.0,9.7,21.8,1.0,24.7
2025-03-28 12:00:00,,,,,,,,hourly,27.3,0.0,0.0,73.0,18.4,358.9,1.0,26.7
2025-03-28 13:00:00,,,,,,,,hourly,28.6,0.0,0.0,100.0,17.7,357.7,1.0,28.3
2025-03-28 14:00:00,,,,,,,,hourly,29.5,0.0,0.0,100.0,16.9,357.6,1.0,29.1
2025-03-28 15:00:00,,,,,,,,hourly,30.1,0.0,0.0,100.0,15.2,355.9,1.0,29.5
2025-03-28 16:00:00,,,,,,,,hourly,29.8,0.0,0.0,100.0,15.1,360.0,1.0,28.7
2025-03-28 17:00:00,,,,,,,,hourly,28.9,0.0,0.0,100.0,13.7,358.5,1.0,28.0
2025-03-28 18:00:00,,,,,,,,hourly,28.3,0.0,0.0,100.0,11.5,360.0,1.0,27.6
2025-03-28 19:00:00,,,,,,,,hourly,27.6,0.0,0.0,91.0,7.2,2.9,1.0,27.5
2025-03-28 20:00:00,,,,,,,,hourly,26.1,0.0,0.0,75.0,4.7,8.7,0.0,26.6
2025-03-28 21:00:00,,,,,,,,hourly,24.8,0.0,0.0,85.0,3.7,29.1,0.0,25.6
2025-03-28 22:00:00,,,,,,,,hourly,23.4,0.0,0.0,100.0,4.1,37.9,0.0,24.4
2025-03-28 23:00:00,,,,,,,,hourly,22.4,0.0,0.0,100.0,4.3,24.4,0.0,23.4
2025-03-29 00:00:00,,,,,,,,hourly,21.6,0.0,0.0,100.0,4.2,20.0,0.0,22.8
2025-03-29 01:00:00,,,,,,,,hourly,21.0,0.0,0.0,82.0,3.6,5.7,0.0,22.3
2025-03-29 02:00:00,,,,,,,,hourly,20.5,5.0,0.0,83.0,3.2,333.4,0.0,21.8
2025-03-29 03:00:00,,,,,,,,hourly,19.9,13.0,0.0,100.0,3.4,328.0,0.0,21.2
2025-03-29 04:00:00,,,,,,,,hourly,19.7,18.0,0.0,88.0,3.7,348.7,0.0,20.8
2025-03-29 05:00:00,,,,,,,,hourly,19.6,13.0,0.0,78.0,4.4,9.5,0.0,20.6
2025-03-29 06:00:00,,,,,,,,hourly,19.6,18.0,0.0,82.0,4.0,10.3,0.0,20.6
2025-03-29 07:00:00,,,,,,,,hourly,19.5,15.0,0.0,74.0,2.7,336.8,0.0,20.8
2025-03-29 08:00:00,,,,,,,,hourly,19.3,15.0,0.0,97.0,3.7,240.9,1.0,20.5
2025-03-29 09:00:00,,,,,,,,hourly,20.2,23.0,0.0,92.0,9.7,211.3,1.0,20.7
2025-03-29 10:00:00,,,,,,,,hourly,20.4,25.0,0.0,99.0,18.4,197.0,1.0,20.4
2025-03-29 11:00:00,,,,,,,,hourly,20.4,25.0,0.0,96.0,19.1,191.9,1.0,19.7
2025-03-29 12:00:00,,,,,,,,hourly,20.6,30.0,0.0,98.0,18.2,193.8,1.0,20.0
2025-03-29 13:00:00,,,,,,,,hourly,21.3,36.0,0.0,89.0,17.7,185.8,1.0,20.6
2025-03-29 14:00:00,,,,,,,,hourly,21.6,38.0,0.0,89.0,17.7,185.8,1.0,20.7
2025-03-29 15:00:00,,,,,,,,hourly,21.5,34.0,0.0,83.0,19.8,191.5,1.0,20.3
2025-03-29 16:00:00,,,,,,,,hourly,20.7,27.0,0.0,82.0,22.3,194.0,1.0,19.2
2025-03-29 17:00:00,,,,,,,,hourly,20.1,20.0,0.0,78.0,21.5,193.6,1.0,18.3
2025-03-29 18:00:00,,,,,,,,hourly,19.3,14.0,0.0,81.0,20.4,189.1,1.0,17.6
2025-03-29 19:00:00,,,,,,,,hourly,19.2,8.0,0.0,72.0,17.3,178.8,1.0,17.4
2025-03-29 20:00:00,,,,,,,,hourly,18.8,5.0,0.0,66.0,18.4,177.8,0.0,17.1
2025-03-29 21:00:00,,,,,,,,hourly,17.8,7.0,0.0,58.0,19.1,181.1,0.0,16.4
2025-03-29 22:00:00,,,,,,,,hourly,17.4,11.0,0.0,77.0,19.2,187.5,0.0,16.0
2025-03-29 23:00:00,,,,,,,,hourly,17.3,15.0,0.1,79.0,17.5,194.3,0.0,16.0
2025-03-30 00:00:00,,,,,,,,hourly,17.3,18.0,0.0,88.0,16.1,190.3,0.0,16.2
2025-03-30 01:00:00,,,,,,,,hourly,17.9,20.0,0.0,89.0,13.5,189.2,0.0,17.3
2025-03-30 02:00:00,,,,,,,,hourly,18.0,20.0,0.0,83.0,13.4,173.8,0.0,17.8
2025-03-30 03:00:00,,,,,,,,hourly,17.7,16.0,0.0,86.0,18.5,142.9,0.0,16.5
2025-03-30 04:00:00,,,,,,,,hourly,17.3,10.0,0.0,85.0,19.4,138.0,0.0,15.5
2025-03-30 05:00:00,,,,,,,,hourly,17.2,5.0,0.0,94.0,19.7,129.8,0.0,15.1
2025-03-30 06:00:00,,,,,,,,hourly,16.8,2.0,0.0,74.0,18.7,129.5,0.0,14.5
2025-03-30 07:00:00,,,,,,,,hourly,16.5,1.0,0.0,96.0,17.8,133.4,0.0,14.3
2025-03-30 08:00:00,,,,,,,,hourly,16.4,0.0,0.0,99.0,18.1,135.8,1.0,14.1
2025-03-30 09:00:00,,,,,,,,hourly,16.7,1.0,0.0,94.0,18.8,136.5,1.0,14.3
2025-03-30 10:00:00,,,,,,,,hourly,17.4,0.0,0.0,100.0,20.1,135.7,1.0,14.7
2025-03-30 11:00:00,,,,,,,,hourly,18.5,0.0,0.0,94.0,21.9,132.3,1.0,15.4
2025-03-30 12:00:00,,,,,,,,hourly,19.6,0.0,0.0,93.0,22.7,135.6,1.0,16.2
2025-03-30 13:00:00,,,,,,,,hourly,20.0,0.0,0.0,100.0,22.4,137.6,1.0,16.5
2025-03-30 14:00:00,,,,,,,,hourly,20.4,0.0,0.0,100.0,22.3,145.5,1.0,17.0
2025-03-30 15:00:00,,,,,,,,hourly,20.5,0.0,0.0,100.0,23.6,148.7,1.0,16.6
2025-03-30 16:00:00,,,,,,,,hourly,20.0,0.0,0.0,100.0,23.8,148.0,1.0,15.8
2025-03-30 17:00:00,,,,,,,,hourly,19.2,0.0,0.0,100.0,22.6,142.8,1.0,15.2
2025-03-30 18:00:00,,,,,,,,hourly,18.5,0.0,0.0,84.0,22.1,142.9,1.0,14.5
2025-03-30 19:00:00,,,,,,,,hourly,17.7,0.0,0.0,68.0,21.3,142.5,1.0,14.0
2025-03-30 20:00:00,,,,,,,,hourly,17.0,0.0,0.0,52.0,20.5,142.1,0.0,13.4
2025-03-30 21:00:00,,,,,,,,hourly,16.3,0.0,0.0,52.0,19.7,141.7,0.0,13.0
2025-03-30 22:00:00,,,,,,,,hourly,15.7,0.0,0.0,52.0,18.7,140.5,0.0,12.7
2025-03-30 23:00:00,,,,,,,,hourly,15.3,0.0,0.0,52.0,18.2,140.6,0.0,12.4
2025-03-31 00:00:00,,,,,,,,hourly,15.0,0.0,0.0,53.0,18.2,140.6,0.0,12.2
2025-03-31 01:00:00,,,,,,,,hourly,14.9,0.0,0.0,54.0,18.2,142.2,0.0,12.1
2025-03-31 02:00:00,,,,,,,,hourly,14.9,0.0,0.0,55.0,18.5,142.9,0.0,12.0
2025-03-31 03:00:00,,,,,,,,hourly,14.8,0.0,0.0,67.0,18.0,143.1,0.0,11.9
2025-03-31 04:00:00,,,,,,,,hourly,14.7,0.0,0.0,80.0,17.7,142.4,0.0,11.8
2025-03-31 05:00:00,,,,,,,,hourly,14.7,0.0,0.0,92.0,17.2,142.7,0.0,11.9
2025-03-31 06:00:00,,,,,,,,hourly,14.6,0.0,0.0,93.0,16.7,142.9,0.0,11.9
2025-03-31 07:00:00,,,,,,,,hourly,14.6,0.0,0.0,95.0,16.0,144.2,0.0,12.0
2025-03-31 08:00:00,,,,,,,,hourly,14.8,0.0,0.0,96.0,16.0,144.2,1.0,12.3
2025-03-31 09:00:00,,,,,,,,hourly,15.4,0.0,0.0,97.0,16.7,142.9,1.0,12.7
2025-03-31 10:00:00,,,,,,,,hourly,16.1,0.0,0.0,99.0,17.7,140.8,1.0,13.2
2025-03-31 11:00:00,,,,,,,,hourly,16.9,0.0,0.0,100.0,18.7,140.5,1.0,13.8
2025-03-31 12:00:00,,,,,,,,hourly,17.9,0.0,0.0,96.0,19.7,141.7,1.0,14.6
2025-03-31 13:00:00,,,,,,,,hourly,19.0,1.0,0.0,92.0,21.2,144.7,1.0,15.3
2025-03-31 14:00:00,,,,,,,,hourly,19.7,2.0,0.0,88.0,22.1,146.3,1.0,15.8
2025-03-31 15:00:00,,,,,,,,hourly,20.0,2.0,0.0,80.0,22.8,148.6,1.0,15.9
2025-03-31 16:00:00,,,,,,,,hourly,19.9,3.0,0.0,72.0,22.7,150.6,1.0,15.8
2025-03-31 17:00:00,,,,,,,,hourly,19.5,3.0,0.0,64.0,22.6,151.4,1.0,15.6
2025-03-31 18:00:00,,,,,,,,hourly,18.8,3.0,0.0,53.0,21.3,149.5,1.0,15.2
2025-03-31 19:00:00,,,,,,,,hourly,17.7,3.0,0.0,42.0,19.7,145.4,1.0,14.5
2025-03-31 20:00:00,,,,,,,,hourly,16.8,3.0,0.0,31.0,18.0,143.1,0.0,13.9
2025-03-31 21:00:00,,,,,,,,hourly,16.3,3.0,0.0,34.0,16.0,144.2,0.0,13.7
2025-03-31 22:00:00,,,,,,,,hourly,15.9,3.0,0.0,38.0,13.5,145.9,0.0,13.7
2025-03-31 23:00:00,,,,,,,,hourly,15.6,3.0,0.0,41.0,12.3,148.2,0.0,13.7
2025-04-01 00:00:00,,,,,,,,hourly,15.5,3.0,0.0,61.0,12.3,148.2,0.0,13.7
2025-04-01 01:00:00,,,,,,,,hourly,15.4,4.0,0.0,80.0,13.1,148.5,0.0,13.7
2025-04-01 02:00:00,,,,,,,,hourly,15.4,4.0,0.0,100.0,13.6,148.0,0.0,13.8
2025-04-01 03:00:00,,,,,,,,hourly,15.4,4.0,0.0,100.0,13.1,148.5,0.0,13.8
2025-04-01 04:00:00,,,,,,,,hourly,15.4,5.0,0.0,100.0,12.3,148.2,0.0,13.6
2025-04-01 05:00:00,,,,,,,,hourly,15.4,5.0,0.0,100.0,11.8,148.7,0.0,13.6
2025-04-01 06:00:00,,,,,,,,hourly,15.5,5.0,0.0,100.0,11.5,147.8,0.0,13.8
2025-04-01 07:00:00,,,,,,,,hourly,15.6,5.0,0.0,100.0,11.2,146.8,0.0,13.9
2025-04-01 08:00:00,,,,,,,,hourly,15.7,5.0,0.0,100.0,11.7,146.3,1.0,14.0
2025-04-01 09:00:00,,,,,,,,hourly,15.7,5.0,0.2,100.0,13.5,145.9,1.0,13.9
2025-04-01 10:00:00,,,,,,,,hourly,15.6,5.0,0.2,100.0,15.9,147.0,1.0,13.7
2025-04-01 11:00:00,,,,,,,,hourly,15.6,5.0,0.2,100.0,17.2,147.0,1.0,13.7
2025-04-01 12:00:00,,,,,,,,hourly,15.7,5.0,1.0,100.0,16.5,148.4,1.0,13.8
2025-04-01 13:00:00,,,,,,,,hourly,15.8,5.0,1.0,100.0,14.5,150.3,1.0,14.2
2025-04-01 14:00:00,,,,,,,,hourly,15.8,5.0,1.0,100.0,13.4,152.7,1.0,14.4
2025-04-01 15:00:00,,,,,,,,hourly,15.7,4.0,0.5,100.0,14.0,154.1,1.0,14.2
2025-04-01 16:00:00,,,,,,,,hourly,15.6,4.0,0.5,100.0,15.5,155.2,1.0,13.9
2025-04-01 17:00:00,,,,,,,,hourly,15.4,4.0,0.5,100.0,15.8,155.8,1.0,13.7
2025-04-01 18:00:00,,,,,,,,hourly,15.2,4.0,0.2,100.0,14.0,157.4,1.0,13.7
2025-04-01 19:00:00,,,,,,,,hourly,14.9,4.0,0.2,100.0,11.5,159.9,1.0,13.8
2025-04-01 20:00:00,,,,,,,,hourly,14.8,3.0,0.2,100.0,9.0,163.7,0.0,14.0
2025-04-01 21:00:00,,,,,,,,hourly,14.9,3.0,0.3,100.0,7.4,166.0,0.0,14.4
2025-04-01 22:00:00,,,,,,,,hourly,15.2,3.0,0.3,100.0,6.6,167.5,0.0,15.0
2025-04-01 23:00:00,,,,,,,,hourly,15.3,3.0,0.3,100.0,5.9,166.0,0.0,15.3
2025-04-02 00:00:00,,,,,,,,hourly,15.3,3.0,0.4,100.0,5.9,166.0,0.0,15.3
2025-04-02 01:00:00,,,,,,,,hourly,15.2,3.0,0.4,100.0,6.7,164.5,0.0,15.1
2025-04-02 02:00:00,,,,,,,,hourly,15.1,3.0,0.4,100.0,6.7,164.5,0.0,15.1
2025-04-02 03:00:00,,,,,,,,hourly,15.2,4.0,0.1,100.0,6.0,162.6,0.0,15.4
2025-04-02 04:00:00,,,,,,,,hourly,15.4,4.0,0.1,100.0,5.0,159.0,0.0,15.7
2025-04-02 05:00:00,,,,,,,,hourly,15.5,4.0,0.1,100.0,3.8,163.3,0.0,16.0
2025-04-02 06:00:00,,,,,,,,hourly,15.5,4.0,0.0,100.0,2.5,180.0,0.0,16.2
2025-04-02 07:00:00,,,,,,,,hourly,15.5,5.0,0.0,100.0,2.3,231.3,0.0,16.3
2025-04-02 08:00:00,,,,,,,,hourly,15.5,5.0,0.0,100.0,3.3,257.5,1.0,16.2
2025-04-02 09:00:00,,,,,,,,hourly,15.6,5.0,0.0,100.0,5.0,270.0,1.0,15.9
2025-04-02 10:00:00,,,,,,,,hourly,15.8,5.0,0.0,100.0,6.8,273.0,1.0,15.7
2025-04-02 11:00:00,,,,,,,,hourly,16.1,5.0,0.0,100.0,7.9,270.0,1.0,15.8
2025-04-02 12:00:00,,,,,,,,hourly,16.7,5.0,0.0,100.0,8.5,257.7,1.0,16.3
2025-04-02 13:00:00,,,,,,,,hourly,17.4,4.0,0.0,100.0,9.2,239.4,1.0,16.9
2025-04-02 14:00:00,,,,,,,,hourly,18.0,4.0,0.0,100.0,9.9,226.5,1.0,17.5
2025-04-02 15:00:00,,,,,,,,hourly,18.4,4.0,0.0,93.0,10.0,220.6,1.0,17.9
2025-04-02 16:00:00,,,,,,,,hourly,18.5,3.0,0.0,87.0,9.3,215.5,1.0,18.2
2025-04-02 17:00:00,,,,,,,,hourly,18.6,2.0,0.0,80.0,8.6,213.0,1.0,18.4
2025-04-02 18:00:00,,,,,,,,hourly,18.6,2.0,0.0,84.0,7.2,216.9,1.0,18.5
2025-04-02 19:00:00,,,,,,,,hourly,18.5,1.0,0.0,87.0,5.6,225.0,1.0,18.5
2025-04-02 20:00:00,,,,,,,,hourly,18.3,1.0,0.0,91.0,4.5,241.4,0.0,18.3
2025-04-02 21:00:00,,,,,,,,hourly,17.9,0.0,0.0,88.0,4.4,260.5,0.0,17.9
2025-04-02 22:00:00,,,,,,,,hourly,17.4,0.0,0.0,85.0,5.4,273.8,0.0,17.1
2025-04-02 23:00:00,,,,,,,,hourly,16.8,0.0,0.0,82.0,5.6,284.9,0.0,16.5
2025-04-03 00:00:00,,,,,,,,hourly,16.3,0.0,0.0,69.0,5.0,300.3,0.0,16.1
2025-04-03 01:00:00,,,,,,,,hourly,15.8,0.0,0.0,56.0,4.3,318.4,0.0,15.7
2025-04-03 02:00:00,,,,,,,,hourly,15.3,0.0,0.0,43.0,4.2,340.0,0.0,15.2
2025-04-03 03:00:00,,,,,,,,hourly,14.8,1.0,0.0,31.0,4.7,355.6,0.0,14.6
2025-04-03 04:00:00,,,,,,,,hourly,14.3,1.0,0.0,19.0,5.4,3.8,0.0,13.9
2025-04-03 05:00:00,,,,,,,,hourly,13.8,1.0,0.0,7.0,5.8,3.6,0.0,13.2
2025-04-03 06:00:00,,,,,,,,hourly,13.3,2.0,0.0,5.0,6.1,360.0,0.0,12.3
2025-04-03 07:00:00,,,,,,,,hourly,12.8,2.0,0.0,2.0,6.2,350.0,0.0,11.4
2025-04-03 08:00:00,,,,,,,,hourly,13.1,2.0,0.0,0.0,6.0,335.0,1.0,11.4
2025-04-03 09:00:00,,,,,,,,hourly,14.7,3.0,0.0,0.0,5.9,312.5,1.0,12.9
2025-04-03 10:00:00,,,,,,,,hourly,17.1,3.0,0.0,0.0,6.6,282.5,1.0,15.2
2025-04-03 11:00:00,,,,,,,,hourly,19.1,3.0,0.0,0.0,7.9,267.4,1.0,17.0
2025-04-03 12:00:00,,,,,,,,hourly,20.5,3.0,0.0,16.0,9.2,258.7,1.0,18.7
2025-04-03 13:00:00,,,,,,,,hourly,21.5,3.0,0.0,31.0,9.8,252.9,1.0,20.1
2025-04-03 14:00:00,,,,,,,,hourly,22.3,3.0,0.0,47.0,10.2,247.1,1.0,20.9
2025-04-03 15:00:00,,,,,,,,hourly,22.9,2.0,0.0,65.0,10.1,235.2,1.0,21.5
2025-04-03 16:00:00,,,,,,,,hourly,23.2,2.0,0.0,82.0,10.2,219.3,1.0,21.4
2025-04-03 17:00:00,,,,,,,,hourly,22.9,2.0,0.0,100.0,10.5,206.6,1.0,21.4
2025-04-03 18:00:00,,,,,,,,hourly,21.8,1.0,0.0,76.0,10.5,195.9,1.0,20.9
2025-04-03 19:00:00,,,,,,,,hourly,20.2,1.0,0.0,51.0,10.5,185.9,1.0,20.0
2025-04-03 20:00:00,,,,,,,,hourly,18.8,1.0,0.0,27.0,10.1,178.0,0.0,19.0
2025-04-03 21:00:00,,,,,,,,hourly,18.0,0.0,0.0,20.0,8.3,175.0,0.0,18.5
2025-04-03 22:00:00,,,,,,,,hourly,17.4,0.0,0.0,13.0,5.4,176.2,0.0,18.3
2025-04-03 23:00:00,,,,,,,,hourly,17.1,0.0,0.0,6.0,3.6,180.0,0.0,18.2
2025-04-04 00:00:00,,,,,,,,hourly,15.1,0.0,0.0,93.0,8.4,205.5,0.0,12.8
2025-04-04 01:00:00,,,,,,,,hourly,14.6,0.0,0.0,94.0,7.0,214.5,0.0,12.6
2025-04-04 02:00:00,,,,,,,,hourly,14.1,0.0,0.0,94.0,5.4,227.7,0.0,12.3
2025-04-04 03:00:00,,,,,,,,hourly,13.5,0.0,0.0,95.0,4.1,254.7,0.0,11.8
2025-04-04 04:00:00,,,,,,,,hourly,12.9,0.0,0.0,95.0,3.9,291.8,0.0,11.2
2025-04-04 05:00:00,,,,,,,,hourly,12.3,0.0,0.0,96.0,4.6,315.0,0.0,10.5
2025-04-04 06:00:00,,,,,,,,hourly,11.8,1.0,0.0,76.0,4.7,327.5,0.0,9.9
2025-04-04 07:00:00,,,,,,,,hourly,11.4,2.0,0.0,57.0,4.6,341.6,0.0,9.5
2025-04-04 08:00:00,,,,,,,,hourly,11.6,3.0,0.0,37.0,4.2,340.0,1.0,9.7
2025-04-04 09:00:00,,,,,,,,hourly,12.7,3.0,0.0,38.0,4.3,318.4,1.0,10.8
2025-04-04 10:00:00,,,,,,,,hourly,14.4,3.0,0.0,39.0,5.5,293.2,1.0,12.3
2025-04-04 11:00:00,,,,,,,,hourly,16.0,3.0,0.0,40.0,7.2,275.7,1.0,13.6
2025-04-04 12:00:00,,,,,,,,hourly,17.4,2.0,0.0,60.0,8.7,265.2,1.0,15.0
2025-04-04 13:00:00,,,,,,,,hourly,18.6,0.0,0.0,80.0,10.3,257.9,1.0,16.4
2025-04-04 14:00:00,,,,,,,,hourly,19.5,0.0,0.0,100.0,12.1,252.6,1.0,17.0
2025-04-04 15:00:00,,,,,,,,hourly,19.9,3.0,0.0,95.0,14.2,249.3,1.0,16.7
2025-04-04 16:00:00,,,,,,,,hourly,19.9,7.0,0.0,89.0,16.5,246.8,1.0,16.0
2025-04-04 17:00:00,,,,,,,,hourly,19.7,10.0,0.0,84.0,18.1,246.5,1.0,15.6
2025-04-04 18:00:00,,,,,,,,hourly,19.3,9.0,0.0,71.0,18.9,248.8,1.0,15.1
2025-04-04 19:00:00,,,,,,,,hourly,18.7,5.0,0.0,59.0,18.9,252.3,1.0,14.7
2025-04-04 20:00:00,,,,,,,,hourly,17.8,3.0,0.0,46.0,18.7,254.4,0.0,14.1
2025-04-04 21:00:00,,,,,,,,hourly,16.6,2.0,0.0,43.0,18.2,251.6,0.0,13.2
2025-04-04 22:00:00,,,,,,,,hourly,15.2,3.0,0.0,41.0,16.9,246.2,0.0,12.1
2025-04-04 23:00:00,,,,,,,,hourly,14.1,3.0,0.0,38.0,16.1,243.4,0.0,11.2
2025-04-05 00:00:00,,,,,,,,hourly,13.6,4.0,0.0,46.0,15.0,245.9,0.0,10.8
2025-04-05 01:00:00,,,,,,,,hourly,13.5,4.0,0.0,55.0,14.0,252.0,0.0,10.8
2025-04-05 02:00:00,,,,,,,,hourly,13.3,6.0,0.0,63.0,12.8,258.7,0.0,10.7
2025-04-05 03:00:00,,,,,,,,hourly,13.1,9.0,0.0,54.0,12.0,263.1,0.0,10.4
2025-04-05 04:00:00,,,,,,,,hourly,12.9,14.0,0.0,46.0,11.2,266.3,0.0,10.2
2025-04-05 05:00:00,,,,,,,,hourly,12.6,16.0,0.0,37.0,10.1,272.0,0.0,10.0
2025-04-05 06:00:00,,,,,,,,hourly,12.1,15.0,0.0,37.0,7.8,283.4,0.0,9.8
2025-04-05 07:00:00,,,,,,,,hourly,11.6,12.0,0.0,37.0,5.4,306.9,0.0,9.6
2025-04-05 08:00:00,,,,,,,,hourly,11.7,10.0,0.0,37.0,4.9,324.0,1.0,9.8
2025-04-05 09:00:00,,,,,,,,hourly,12.8,10.0,0.0,27.0,5.7,304.7,1.0,10.8
2025-04-05 10:00:00,,,,,,,,hourly,14.5,12.0,0.0,16.0,8.1,282.8,1.0,12.2
2025-04-05 11:00:00,,,,,,,,hourly,16.1,13.0,0.0,6.0,10.1,270.0,1.0,13.5
2025-04-05 12:00:00,,,,,,,,hourly,17.5,14.0,0.0,23.0,10.1,253.5,1.0,15.3
2025-04-05 13:00:00,,,,,,,,hourly,18.9,15.0,0.0,39.0,10.6,234.7,1.0,17.0
2025-04-05 14:00:00,,,,,,,,hourly,19.8,16.0,0.0,56.0,11.5,223.7,1.0,17.8
2025-04-05 15:00:00,,,,,,,,hourly,20.3,18.0,0.0,70.0,12.7,225.0,1.0,17.6
2025-04-05 16:00:00,,,,,,,,hourly,20.4,19.0,0.0,83.0,13.8,229.2,1.0,17.6
2025-04-05 17:00:00,,,,,,,,hourly,20.3,19.0,0.0,97.0,14.4,233.1,1.0,17.5
2025-04-05 18:00:00,,,,,,,,hourly,19.9,15.0,0.0,98.0,13.7,234.6,1.0,17.3
2025-04-05 19:00:00,,,,,,,,hourly,19.3,10.0,0.0,99.0,11.7,236.3,1.0,17.2
2025-04-05 20:00:00,,,,,,,,hourly,18.7,6.0,0.0,100.0,10.2,238.0,0.0,16.9
2025-04-05 21:00:00,,,,,,,,hourly,18.4,6.0,0.0,100.0,9.0,241.4,0.0,16.8
2025-04-05 22:00:00,,,,,,,,hourly,18.1,8.0,0.0,100.0,7.6,244.7,0.0,16.8
2025-04-05 23:00:00,,,,,,,,hourly,17.8,10.0,0.0,100.0,6.5,250.6,0.0,16.7
2025-04-06 00:00:00,,,,,,,,hourly,17.5,10.0,0.0,100.0,5.6,255.1,0.0,16.5
2025-04-06 01:00:00,,,,,,,,hourly,17.1,10.0,0.0,100.0,4.8,257.0,0.0,16.3
2025-04-06 02:00:00,,,,,,,,hourly,16.8,10.0,0.0,100.0,4.3,265.2,0.0,16.2
2025-04-06 02:00:00,,,,,,,,hourly,16.6,9.0,0.0,100.0,4.0,280.3,0.0,16.0
2025-04-06 03:00:00,,,,,,,,hourly,16.5,7.0,0.0,100.0,4.0,296.6,0.0,15.9
2025-04-06 04:00:00,,,,,,,,hourly,16.3,6.0,0.0,100.0,4.1,307.9,0.0,15.8
2025-04-06 05:00:00,,,,,,,,hourly,16.2,6.0,0.0,100.0,4.3,318.4,0.0,15.5
2025-04-06 06:00:00,,,,,,,,hourly,16.1,6.0,0.0,100.0,4.4,325.0,0.0,15.4
2025-04-06 07:00:00,,,,,,,,hourly,16.1,6.0,0.0,100.0,4.7,327.5,1.0,15.4
2025-04-06 08:00:00,,,,,,,,hourly,16.5,6.0,0.0,100.0,5.4,317.7,1.0,15.6
2025-04-06 09:00:00,,,,,,,,hourly,17.1,6.0,0.0,100.0,6.3,301.0,1.0,15.9
2025-04-06 10:00:00,,,,,,,,hourly,17.4,6.0,0.0,100.0,7.3,290.2,1.0,16.1
2025-04-06 11:00:00,,,,,,,,hourly,17.4,6.0,0.0,100.0,8.3,275.0,1.0,16.0
2025-04-06 12:00:00,,,,,,,,hourly,17.2,6.0,0.0,100.0,9.9,259.5,1.0,15.7
2025-04-06 13:00:00,,,,,,,,hourly,17.0,13.0,0.0,100.0,10.5,254.1,1.0,15.6
2025-04-06 14:00:00,,,,,,,,hourly,16.8,15.0,0.0,100.0,9.2,258.7,1.0,15.6
2025-04-06 15:00:00,,,,,,,,hourly,16.5,18.0,0.0,100.0,7.2,272.9,1.0,15.7
2025-04-06 16:00:00,,,,,,,,hourly,16.3,19.0,0.0,100.0,5.2,285.9,1.0,15.9
2025-04-06 17:00:00,,,,,,,,hourly,16.3,19.0,0.0,99.0,2.3,288.4,1.0,16.3
2025-04-06 18:00:00,,,,,,,,hourly,16.4,19.0,0.0,98.0,1.3,146.3,1.0,16.6
2025-04-06 19:00:00,,,,,,,,hourly,16.4,18.0,0.0,97.0,3.8,138.8,0.0,16.2
2025-04-06 20:00:00,,,,,,,,hourly,16.3,17.0,0.1,98.0,4.8,153.4,0.0,16.0
2025-04-06 21:00:00,,,,,,,,hourly,16.1,15.0,0.1,98.0,6.2,173.3,0.0,15.8
2025-04-06 22:00:00,,,,,,,,hourly,15.8,13.0,0.1,99.0,6.9,189.0,0.0,15.5
2025-04-06 23:00:00,,,,,,,,hourly,15.4,11.0,0.1,99.0,6.9,207.9,0.0,15.1
2025-04-07 00:00:00,,,,,,,,hourly,14.9,8.0,0.1,100.0,7.9,230.5,0.0,14.4
2025-04-07 01:00:00,,,,,,,,hourly,14.4,6.0,0.1,100.0,8.7,245.6,0.0,13.8
2025-04-07 02:00:00,,,,,,,,hourly,13.8,4.0,0.0,71.0,8.8,250.8,0.0,13.0
2025-04-07 03:00:00,,,,,,,,hourly,13.2,1.0,0.0,42.0,7.9,254.1,0.0,12.4
2025-04-07 04:00:00,,,,,,,,hourly,12.7,0.0,0.0,13.0,7.3,258.7,0.0,11.9
2025-04-07 05:00:00,,,,,,,,hourly,12.4,0.0,0.0,13.0,7.6,261.9,0.0,11.4
2025-04-07 06:00:00,,,,,,,,hourly,12.2,1.0,0.0,14.0,8.0,264.8,0.0,11.2
2025-04-07 07:00:00,,,,,,,,hourly,12.4,2.0,0.0,14.0,8.0,262.2,1.0,11.4
2025-04-07 08:00:00,,,,,,,,hourly,13.2,3.0,0.0,28.0,8.3,252.3,1.0,12.2
2025-04-07 09:00:00,,,,,,,,hourly,14.4,5.0,0.0,41.0,8.9,238.2,1.0,13.2
2025-04-07 10:00:00,,,,,,,,hourly,15.4,6.0,0.0,55.0,9.9,223.5,1.0,14.1
2025-04-07 11:00:00,,,,,,,,hourly,16.3,6.0,0.0,70.0,11.4,208.2,1.0,14.7
2025-04-07 12:00:00,,,,,,,,hourly,17.1,6.0,0.0,85.0,13.5,195.5,1.0,15.1
2025-04-07 13:00:00,,,,,,,,hourly,17.6,5.0,0.0,100.0,15.3,189.5,1.0,15.2
2025-04-07 14:00:00,,,,,,,,hourly,17.7,4.0,0.0,85.0,15.7,189.2,1.0,15.2
2025-04-07 15:00:00,,,,,,,,hourly,17.6,3.0,0.0,69.0,15.5,192.1,1.0,14.9
2025-04-07 16:00:00,,,,,,,,hourly,17.3,3.0,0.0,54.0,14.8,192.7,1.0,14.6
2025-04-07 17:00:00,,,,,,,,hourly,17.1,3.0,0.0,67.0,14.2,188.7,1.0,14.3
2025-04-07 18:00:00,,,,,,,,hourly,16.7,4.0,0.0,80.0,13.7,181.5,1.0,13.9
2025-04-07 19:00:00,,,,,,,,hourly,16.2,5.0,0.0,93.0,13.0,173.7,0.0,13.6
2025-04-07 20:00:00,,,,,,,,hourly,15.6,5.0,0.0,87.0,12.0,164.3,0.0,13.2
2025-04-07 21:00:00,,,,,,,,hourly,14.8,6.0,0.0,80.0,10.6,151.7,0.0,12.9
2025-04-07 22:00:00,,,,,,,,hourly,14.2,6.0,0.0,74.0,10.0,142.3,0.0,12.4
2025-04-07 23:00:00,,,,,,,,hourly,13.9,6.0,0.0,83.0,9.7,141.0,0.0,12.0
2025-04-08 00:00:00,,,,,,,,hourly,13.7,5.0,0.0,91.0,9.3,144.5,0.0,11.8
2025-04-08 01:00:00,,,,,,,,hourly,13.4,5.0,0.0,100.0,8.6,147.0,0.0,11.5
2025-04-08 02:00:00,,,,,,,,hourly,13.1,4.0,0.0,100.0,7.7,142.6,0.0,11.3
2025-04-08 03:00:00,,,,,,,,hourly,12.8,3.0,0.0,100.0,6.6,139.4,0.0,11.2
2025-04-08 04:00:00,,,,,,,,hourly,12.5,3.0,0.0,100.0,5.4,132.3,0.0,11.1
2025-04-08 05:00:00,,,,,,,,hourly,12.1,3.0,0.0,90.0,3.1,125.5,0.0,11.0
2025-04-08 06:00:00,,,,,,,,hourly,11.8,3.0,0.0,80.0,1.1,108.4,0.0,10.9
2025-04-08 07:00:00,,,,,,,,hourly,11.9,4.0,0.0,70.0,0.5,315.0,1.0,11.2
2025-04-08 08:00:00,,,,,,,,hourly,13.0,5.0,0.0,50.0,1.3,213.7,1.0,12.2
2025-04-08 09:00:00,,,,,,,,hourly,14.6,5.0,0.0,29.0,3.8,196.7,1.0,13.4
2025-04-08 10:00:00,,,,,,,,hourly,16.0,6.0,0.0,9.0,6.3,193.2,1.0,14.4
2025-04-08 11:00:00,,,,,,,,hourly,17.0,6.0,0.0,9.0,8.3,197.7,1.0,15.4
2025-04-08 12:00:00,,,,,,,,hourly,17.8,6.0,0.0,8.0,10.5,202.2,1.0,16.4
2025-04-08 13:00:00,,,,,,,,hourly,18.2,6.0,0.0,8.0,12.6,203.6,1.0,16.6
2025-04-08 14:00:00,,,,,,,,hourly,18.3,6.0,0.0,7.0,14.5,203.4,1.0,16.3
2025-04-08 15:00:00,,,,,,,,hourly,18.1,6.0,0.0,6.0,16.1,203.7,1.0,15.4
2025-04-08 16:00:00,,,,,,,,hourly,17.7,6.0,0.0,5.0,16.5,200.4,1.0,14.8
2025-04-08 17:00:00,,,,,,,,hourly,17.2,7.0,0.0,26.0,14.8,192.7,1.0,14.5
2025-04-08 18:00:00,,,,,,,,hourly,16.6,7.0,0.0,46.0,12.6,178.4,1.0,14.0
2025-04-08 19:00:00,,,,,,,,hourly,15.9,8.0,0.0,67.0,11.3,163.3,0.0,13.5
2025-04-08 20:00:00,,,,,,,,hourly,15.3,9.0,0.0,57.0,10.3,155.2,0.0,13.0
2025-04-08 21:00:00,,,,,,,,hourly,14.8,10.0,0.0,47.0,9.7,148.7,0.0,12.5
2025-04-08 22:00:00,,,,,,,,hourly,14.2,10.0,0.0,37.0,8.5,143.6,0.0,12.1
2025-04-08 23:00:00,,,,,,,,hourly,13.7,9.0,0.0,25.0,7.4,137.0,0.0,11.8
2025-04-09 00:00:00,,,,,,,,hourly,13.3,8.0,0.0,14.0,6.4,132.7,0.0,11.5
2025-04-09 01:00:00,,,,,,,,hourly,12.8,7.0,0.0,2.0,5.2,123.7,0.0,11.2
2025-04-09 02:00:00,,,,,,,,hourly,12.4,6.0,0.0,3.0,4.9,107.1,0.0,10.8
2025-04-09 03:00:00,,,,,,,,hourly,12.0,4.0,0.0,5.0,5.1,85.9,0.0,10.4
2025-04-09 04:00:00,,,,,,,,hourly,11.6,3.0,0.0,6.0,5.2,74.1,0.0,10.0
2025-04-09 05:00:00,,,,,,,,hourly,11.1,2.0,0.0,6.0,4.8,63.4,0.0,9.5
2025-04-09 06:00:00,,,,,,,,hourly,10.7,2.0,0.0,7.0,4.1,45.0,0.0,9.2
2025-04-09 07:00:00,,,,,,,,hourly,10.8,2.0,0.0,7.0,3.3,40.6,1.0,9.4
2025-04-09 08:00:00,,,,,,,,hourly,11.9,2.0,0.0,26.0,2.9,60.3,1.0,10.6
2025-04-09 09:00:00,,,,,,,,hourly,13.6,2.0,0.0,45.0,3.3,96.3,1.0,12.2
2025-04-09 10:00:00,,,,,,,,hourly,15.2,3.0,0.0,64.0,3.9,123.7,1.0,13.7
2025-04-09 11:00:00,,,,,,,,hourly,16.6,4.0,0.0,76.0,3.4,161.6,1.0,15.1
2025-04-09 12:00:00,,,,,,,,hourly,17.9,6.0,0.0,88.0,4.2,200.0,1.0,16.7
2025-04-09 13:00:00,,,,,,,,hourly,18.8,7.0,0.0,100.0,6.3,211.0,1.0,17.4
2025-04-09 14:00:00,,,,,,,,hourly,19.1,8.0,0.0,96.0,8.0,198.4,1.0,17.3
2025-04-09 15:00:00,,,,,,,,hourly,18.9,9.0,0.0,92.0,10.1,184.1,1.0,16.6
2025-04-09 16:00:00,,,,,,,,hourly,18.5,10.0,0.0,88.0,11.9,174.8,1.0,16.0
2025-04-09 17:00:00,,,,,,,,hourly,17.9,10.0,0.0,83.0,12.5,168.4,1.0,15.4
2025-04-09 18:00:00,,,,,,,,hourly,17.1,10.0,0.0,78.0,12.2,161.0,1.0,14.8
2025-04-09 19:00:00,,,,,,,,hourly,16.3,9.0,0.0,73.0,11.4,155.9,0.0,14.2
2025-04-09 20:00:00,,,,,,,,hourly,15.8,8.0,0.0,72.0,9.5,155.4,0.0,14.0
2025-04-09 21:00:00,,,,,,,,hourly,15.3,7.0,0.0,72.0,6.8,161.6,0.0,14.0
2025-04-09 22:00:00,,,,,,,,hourly,14.8,6.0,0.0,71.0,4.4,170.5,0.0,13.9
2025-04-09 23:00:00,,,,,,,,hourly,14.5,5.0,0.0,81.0,1.9,201.8,0.0,14.0
2025-04-10 00:00:00,,,,,,,,hourly,14.2,3.0,0.0,90.0,1.9,291.8,0.0,13.7
2025-04-10 01:00:00,,,,,,,,hourly,13.9,2.0,0.0,100.0,3.6,315.0,0.0,13.3
2025-04-10 02:00:00,,,,,,,,hourly,13.7,1.0,0.0,100.0,3.9,326.3,0.0,13.0
2025-04-10 03:00:00,,,,,,,,hourly,13.5,0.0,0.0,100.0,3.3,347.5,0.0,12.9
2025-04-10 04:00:00,,,,,,,,hourly,13.4,0.0,0.0,100.0,2.9,7.1,0.0,12.8
2025-04-10 05:00:00,,,,,,,,hourly,13.2,1.0,0.0,100.0,2.6,33.7,0.0,12.6
2025-04-10 06:00:00,,,,,,,,hourly,13.1,3.0,0.0,100.0,2.4,63.4,0.0,12.4
2025-04-10 07:00:00,,,,,,,,hourly,13.5,5.0,0.0,100.0,2.6,74.1,1.0,12.8
2025-04-10 08:00:00,,,,,,,,hourly,14.9,7.0,0.0,100.0,2.6,56.3,1.0,14.0
2025-04-10 09:00:00,,,,,,,,hourly,16.8,9.0,0.0,100.0,3.2,26.6,1.0,15.6
2025-04-10 10:00:00,,,,,,,,hourly,18.8,10.0,0.0,100.0,3.3,12.5,1.0,17.3
2025-04-10 11:00:00,,,,,,,,hourly,20.9,10.0,0.0,100.0,1.8,360.0,1.0,19.4
2025-04-10 12:00:00,,,,,,,,hourly,23.1,10.0,0.0,100.0,1.3,236.3,1.0,21.6
2025-04-10 13:00:00,,,,,,,,hourly,24.5,10.0,0.0,100.0,3.4,212.0,1.0,22.8
2025-04-10 14:00:00,,,,,,,,hourly,24.9,10.0,0.0,100.0,4.4,215.0,1.0,22.8
2025-04-10 15:00:00,,,,,,,,hourly,24.5,10.0,0.0,100.0,5.4,222.3,1.0,22.1
2025-04-10 16:00:00,,,,,,,,hourly,23.7,10.0,0.0,100.0,5.4,216.9,1.0,21.6
2025-04-10 17:00:00,,,,,,,,hourly,22.5,11.0,0.0,100.0,5.9,190.6,1.0,20.8
2025-04-10 18:00:00,,,,,,,,hourly,21.0,11.0,0.0,100.0,7.5,163.3,1.0,19.4
2025-04-10 19:00:00,,,,,,,,hourly,19.7,12.0,0.0,100.0,9.2,154.4,0.0,18.3
2025-04-10 20:00:00,,,,,,,,hourly,19.1,13.0,0.0,100.0,8.6,165.4,0.0,18.0
2025-04-10 21:00:00,,,,,,,,hourly,18.7,13.0,0.0,100.0,8.0,187.8,0.0,17.7
2025-04-10 22:00:00,,,,,,,,hourly,18.2,13.0,0.0,100.0,7.6,205.3,0.0,17.4
2025-04-10 23:00:00,,,,,,,,hourly,17.6,12.0,0.0,93.0,5.3,208.3,0.0,17.1
2025-04-11 00:00:00,,,,,,,,hourly,17.0,9.0,0.0,87.0,1.9,201.8,0.0,16.9
2025-04-11 01:00:00,,,,,,,,hourly,16.4,7.0,0.0,80.0,1.0,45.0,0.0,16.5
2025-04-11 02:00:00,,,,,,,,hourly,16.0,4.0,0.0,84.0,2.2,9.5,0.0,16.0
2025-04-11 03:00:00,,,,,,,,hourly,15.7,2.0,0.0,88.0,2.9,352.9,0.0,15.7
2025-04-11 04:00:00,,,,,,,,hourly,15.4,0.0,0.0,92.0,3.3,347.5,0.0,15.4
2025-04-11 05:00:00,,,,,,,,hourly,15.0,0.0,0.0,92.0,3.3,6.3,0.0,14.9
2025-04-11 06:00:00,,,,,,,,hourly,14.5,0.0,0.0,91.0,3.9,33.7,0.0,14.3
2025-04-11 07:00:00,,,,,,,,hourly,14.7,1.0,0.0,91.0,4.1,45.0,1.0,14.4
2025-04-11 08:00:00,,,,,,,,hourly,16.0,2.0,0.0,74.0,3.6,36.9,1.0,15.7
2025-04-11 09:00:00,,,,,,,,hourly,17.9,2.0,0.0,58.0,2.6,15.9,1.0,17.5
2025-04-11 10:00:00,,,,,,,,hourly,19.8,3.0,0.0,41.0,1.5,346.0,1.0,19.4
2025-04-11 11:00:00,,,,,,,,hourly,21.7,3.0,0.0,60.0,3.0,194.0,1.0,20.9
2025-04-11 12:00:00,,,,,,,,hourly,23.5,3.0,0.0,80.0,7.9,182.6,1.0,22.2
2025-04-11 13:00:00,,,,,,,,hourly,24.7,3.0,0.0,99.0,9.4,177.8,1.0,23.3
2025-04-11 14:00:00,,,,,,,,hourly,25.2,3.0,0.0,99.0,3.8,138.8,1.0,24.2
2025-04-11 15:00:00,,,,,,,,hourly,25.1,3.0,0.0,100.0,8.8,35.0,1.0,23.5
2025-04-11 16:00:00,,,,,,,,hourly,24.5,3.0,0.0,100.0,16.1,23.7,1.0,22.0
2025-04-11 17:00:00,,,,,,,,hourly,23.2,4.0,0.0,100.0,17.4,18.1,1.0,20.7
2025-04-11 18:00:00,,,,,,,,hourly,21.4,6.0,0.0,100.0,16.2,11.6,1.0,19.2
2025-04-11 19:00:00,,,,,,,,hourly,19.9,7.0,0.0,100.0,14.8,5.6,0.0,18.1
2025-04-11 20:00:00,,,,,,,,hourly,19.2,8.0,0.0,100.0,14.1,4.4,0.0,17.5
2025-04-11 21:00:00,,,,,,,,hourly,18.8,9.0,0.0,100.0,13.4,6.2,0.0,17.5
2025-04-11 22:00:00,,,,,,,,hourly,18.4,10.0,0.0,100.0,12.3,6.7,0.0,17.4
